<?xml version="1.0" encoding="UTF-8"?>
<metadata xml:lang="de"><Esri><CreaDate>20160122</CreaDate><CreaTime>14174200</CreaTime><ArcGISFormat>1.0</ArcGISFormat><ArcGISstyle>ISO 19139 Metadata Implementation Specification GML3.2</ArcGISstyle><SyncOnce>TRUE</SyncOnce><DataProperties><lineage><Process ToolSource="c:\program files (x86)\arcgis\desktop10.2\ArcToolbox\Toolboxes\Data Management Tools.tbx\RepairGeometry" Date="20160122" Time="141742">RepairGeometry \\gd\gdwh\etl\swissProductDerivations\swissBOUNDARIES3D\Data\Product\2016\SHAPEFILE_LV95_LN02\swissBOUNDARIES3D_1_3_TLM_LANDESGEBIET.shp DELETE_NULL</Process></lineage></DataProperties></Esri></metadata>
